--
-- PostgreSQL database dump
--

-- Dumped from database version 13.1
-- Dumped by pg_dump version 13.1

SET statement_timeout = 0;
SET lock_timeout = 0;
SET idle_in_transaction_session_timeout = 0;
SET client_encoding = 'UTF8';
SET standard_conforming_strings = on;
SELECT pg_catalog.set_config('search_path', '', false);
SET check_function_bodies = false;
SET xmloption = content;
SET client_min_messages = warning;
SET row_security = off;

SET default_tablespace = '';

SET default_table_access_method = heap;

--
-- Name: apscheduler_jobs; Type: TABLE; Schema: public; Owner: postgres
--

CREATE TABLE public.apscheduler_jobs (
    url character varying(100),
    run_time timestamp with time zone,
    status character varying(20),
    lambda_name character varying(100),
    lambda_description character varying(500),
    id bigint NOT NULL,
    execution_time numeric(10,2),
    username character varying(50),
    scheduling_type character varying(10),
    retries bigint,
    time_between_retries bigint
);


ALTER TABLE public.apscheduler_jobs OWNER TO postgres;

--
-- Name: apscheduler_jobs_id_seq; Type: SEQUENCE; Schema: public; Owner: postgres
--

CREATE SEQUENCE public.apscheduler_jobs_id_seq
    START WITH 1
    INCREMENT BY 1
    NO MINVALUE
    NO MAXVALUE
    CACHE 1;


ALTER TABLE public.apscheduler_jobs_id_seq OWNER TO postgres;

--
-- Name: apscheduler_jobs_id_seq; Type: SEQUENCE OWNED BY; Schema: public; Owner: postgres
--

ALTER SEQUENCE public.apscheduler_jobs_id_seq OWNED BY public.apscheduler_jobs.id;


--
-- Name: credentials; Type: TABLE; Schema: public; Owner: postgres
--

CREATE TABLE public.credentials (
    username character varying(100) NOT NULL,
    password character(64) NOT NULL
);


ALTER TABLE public.credentials OWNER TO postgres;

--
-- Name: function_data; Type: TABLE; Schema: public; Owner: postgres
--

CREATE TABLE public.function_data (
    id integer,
    code character varying(1000),
    requirements character varying(500)
);


ALTER TABLE public.function_data OWNER TO postgres;

--
-- Name: orchestrator_tasks; Type: TABLE; Schema: public; Owner: postgres
--

CREATE TABLE public.orchestrator_tasks (
    id bigint NOT NULL,
    num integer NOT NULL,
    url character varying(100) NOT NULL,
    condition_check_url character varying(100),
    condition_check_delay integer,
    condition_check_retries integer,
    delay_between_retries integer,
    fallback_url character varying(100)
);


ALTER TABLE public.orchestrator_tasks OWNER TO postgres;

--
-- Name: scheduler_jobs; Type: TABLE; Schema: public; Owner: postgres
--

CREATE TABLE public.scheduler_jobs (
    id character varying(191) NOT NULL,
    next_run_time double precision,
    job_state bytea NOT NULL
);


ALTER TABLE public.scheduler_jobs OWNER TO postgres;

--
-- Name: task_set; Type: TABLE; Schema: public; Owner: postgres
--

CREATE TABLE public.task_set (
    id bigint NOT NULL,
    status character varying(20) NOT NULL,
    username character varying(100) NOT NULL,
    initial_delay integer
);


ALTER TABLE public.task_set OWNER TO postgres;

--
-- Name: task_set_id_seq; Type: SEQUENCE; Schema: public; Owner: postgres
--

CREATE SEQUENCE public.task_set_id_seq
    START WITH 1
    INCREMENT BY 1
    NO MINVALUE
    NO MAXVALUE
    CACHE 1;


ALTER TABLE public.task_set_id_seq OWNER TO postgres;

--
-- Name: task_set_id_seq; Type: SEQUENCE OWNED BY; Schema: public; Owner: postgres
--

ALTER SEQUENCE public.task_set_id_seq OWNED BY public.task_set.id;


--
-- Name: apscheduler_jobs id; Type: DEFAULT; Schema: public; Owner: postgres
--

ALTER TABLE ONLY public.apscheduler_jobs ALTER COLUMN id SET DEFAULT nextval('public.apscheduler_jobs_id_seq'::regclass);


--
-- Name: task_set id; Type: DEFAULT; Schema: public; Owner: postgres
--

ALTER TABLE ONLY public.task_set ALTER COLUMN id SET DEFAULT nextval('public.task_set_id_seq'::regclass);


--
-- Data for Name: apscheduler_jobs; Type: TABLE DATA; Schema: public; Owner: postgres
--

COPY public.apscheduler_jobs (url, run_time, status, lambda_name, lambda_description, id, execution_time, username, scheduling_type, retries, time_between_retries) FROM stdin;
https://iiiy1ms67f.execute-api.us-east-1.amazonaws.com/v1?num=1	2021-04-04 07:10:56.583526+05:30	Completed	Lambda 5	Sample	17	1171.56	user01	url	\N	\N
https://iiiy1ms67f.execute-api.us-east-1.amazonaws.com/v1?num=1	2021-04-04 00:32:04.603857+05:30	Completed	Lambda Function	Sample Description	8	1401.33	user01	url	\N	\N
https://iiiy1ms67f.execute-api.us-east-1.amazonaws.com/v1?num=1	2021-04-04 01:09:06.329673+05:30	Cancelled	Lambda Function	Sample Description	9	0.00	user01	url	\N	\N
https://iiiy1ms67f.execute-api.us-east-1.amazonaws.com/v1?num=1	2021-04-04 07:18:25.0893+05:30	Cancelled	Lambda_2	Important Lambda	18	0.00	user01	url	\N	\N
https://iiiy1ms67f.execute-api.us-east-1.amazonaws.com/v1?num=1	2021-04-04 01:25:14.207998+05:30	Failed	Lambda Function	Sample Description	10	1416.61	user01	url	\N	\N
https://iiiy1ms67f.execute-api.us-east-1.amazonaws.com/v1?num=1	2021-04-04 11:58:45.093309+05:30	Completed	Lambda	Sample text	19	1488.01	user01	url	\N	\N
https://iiiy1ms67f.execute-api.us-east-1.amazonaws.com/v1?num=1	2021-04-11 03:25:30.559285+05:30	Completed			35	1037.69	user01	url	0	0
https://iiiy1ms67f.execute-api.us-east-1.amazonaws.com/v1?num=1	2021-04-04 01:47:12.004753+05:30	Failed	Lambda Function	Sample Description	11	1440.14	user01	url	\N	\N
https://iiiy1ms67f.execute-api.us-east-1.amazonaws.com/v1?num=1	2021-04-04 12:23:49.396273+05:30	Completed	New lambda	Sample lambda description	20	1688.59	user01	url	\N	\N
https://iiiy1ms67f.execute-api.us-east-1.amazonaws.com/v1?num=1	2021-04-04 06:56:25.598834+05:30	Completed	New lambda	Useful lambda function	12	1553.17	user01	url	\N	\N
https://iiiy1ms67f.execute-api.us-east-1.amazonaws.com/v1?num=1	2021-04-04 12:25:20.304498+05:30	Cancelled	Lambda_2	Lambda to do task	21	0.00	user01	url	\N	\N
https://iiiy1ms67f.execute-api.us-east-1.amazonaws.com/v1?num=1	2021-04-04 07:00:47.799543+05:30	Completed	Lambda name	Another useful lambda function	13	1166.60	user01	url	\N	\N
https://iiiy1ms67f.execute-api.us-east-1.amazonaws.com/v1?num=0	2021-04-04 14:30:39.926463+05:30	Failed	New lambda	lambda description	26	0.00	user01	url	\N	\N
https://iiiy1ms67f.execute-api.us-east-1.amazonaws.com/v1?num=0	2021-04-04 14:04:28.292662+05:30	Failed	Lambda Name	Lambda description	25	0.00	user01	url	\N	\N
https://iiiy1ms67f.execute-api.us-east-1.amazonaws.com/v1?num=1	2021-04-04 07:02:29.77847+05:30	Completed	Lambda 2	Lambda desciption	14	1184.52	user01	url	\N	\N
https://iiiy1ms67f.execute-api.us-east-1.amazonaws.com/v1?num=1	2021-04-04 07:03:42.979486+05:30	Completed	New lambda 3	Nice lambda function	15	1172.00	user01	url	\N	\N
https://iiiy1ms67f.execute-api.us-east-1.amazonaws.com/v1?num=0	2021-04-10 13:24:49.939077+05:30	Failed	lambda	lambda text	31	0.00	user01	url	10	1000
https://iiiy1ms67f.execute-api.us-east-1.amazonaws.com/v1?num=0	2021-04-04 13:23:15.961364+05:30	Failed	New lambda	Lambda function to do a task	22	0.00	user02	url	\N	\N
https://iiiy1ms67f.execute-api.us-east-1.amazonaws.com/v1?num=1	2021-04-04 07:09:05.935531+05:30	Completed	Lambda_Function	Sample text	16	1185.15	user01	url	\N	\N
https://iiiy1ms67f.execute-api.us-east-1.amazonaws.com/v1?num=1	2021-04-04 14:44:15.647887+05:30	Completed	Lambda Name	Sample description	27	1452.85	user01	url	\N	\N
https://iiiy1ms67f.execute-api.us-east-1.amazonaws.com/v1?num=1	2021-04-04 13:24:29.433854+05:30	Completed	Lambda by user02	Useful lambda function	23	1117.10	user02	url	\N	\N
https://iiiy1ms67f.execute-api.us-east-1.amazonaws.com/v1?num=1	2021-04-10 14:57:07.785244+05:30	Cancelled			36	0.00	user01	url	0	0
https://iiiy1ms67f.execute-api.us-east-1.amazonaws.com/v1?num=1	2021-04-05 17:10:04.106508+05:30	Completed	New lambda	lambda text	28	1643.86	user01	url	\N	\N
https://iiiy1ms67f.execute-api.us-east-1.amazonaws.com/v1?num=1	2021-04-11 03:22:16.468114+05:30	Completed	dfsdfd	sdfsdf	32	1020.53	user01	url	5	1000
https://iiiy1ms67f.execute-api.us-east-1.amazonaws.com/v1?num=0	2021-04-04 13:38:32.947231+05:30	Failed	new lambda	lambda text	24	0.00	user01	url	\N	\N
https://iiiy1ms67f.execute-api.us-east-1.amazonaws.com/v1?num=1	2021-04-07 23:08:32.693045+05:30	Completed	Lambda	Lambda description	29	2471.60	user01	url	\N	\N
https://iiiy1ms67f.execute-api.us-east-1.amazonaws.com/v1?num=1	2021-04-10 14:59:27.087628+05:30	Cancelled			37	0.00	user01	url	0	0
https://iiiy1ms67f.execute-api.us-east-1.amazonaws.com/v1?num=1	2021-04-10 13:07:41.117966+05:30	Completed	Testing Lambda	LambdaDescription	30	1305.73	user01	url	2	5000
https://iiiy1ms67f.execute-api.us-east-1.amazonaws.com/v1?num=1	2021-04-10 14:53:39.79833+05:30	Completed	asfasd	sdfsdfs	33	1008.84	user01	url	2	1000
https://iiiy1ms67f.execute-api.us-east-1.amazonaws.com/v1?num=1	2021-04-11 03:42:47.501822+05:30	Cancelled			38	0.00	user01	url	0	0
https://iiiy1ms67f.execute-api.us-east-1.amazonaws.com/v1?num=1	2021-04-11 03:24:43.416334+05:30	Completed	adfsd	sdfwd	34	973.81	user01	url	5	5000
\.


--
-- Data for Name: credentials; Type: TABLE DATA; Schema: public; Owner: postgres
--

COPY public.credentials (username, password) FROM stdin;
user	a1159e9df3670d549d04524532629f5477ceb7deec9b45e47e8c009506ecb2c8
user01	5e884898da28047151d0e56f8dc6292773603d0d6aabbdd62a11ef721d1542d8
user02	5e884898da28047151d0e56f8dc6292773603d0d6aabbdd62a11ef721d1542d8
user03	5e884898da28047151d0e56f8dc6292773603d0d6aabbdd62a11ef721d1542d8
\.


--
-- Data for Name: function_data; Type: TABLE DATA; Schema: public; Owner: postgres
--

COPY public.function_data (id, code, requirements) FROM stdin;
\.


--
-- Data for Name: orchestrator_tasks; Type: TABLE DATA; Schema: public; Owner: postgres
--

COPY public.orchestrator_tasks (id, num, url, condition_check_url, condition_check_delay, condition_check_retries, delay_between_retries, fallback_url) FROM stdin;
4	1	https://iiiy1ms67f.execute-api.us-east-1.amazonaws.com/v1?num=1	https://iiiy1ms67f.execute-api.us-east-1.amazonaws.com/v1?num=1	0	0	0	
4	2	https://iiiy1ms67f.execute-api.us-east-1.amazonaws.com/v1?num=1	https://iiiy1ms67f.execute-api.us-east-1.amazonaws.com/v1?num=1	0	0	0	
5	1	https://iiiy1ms67f.execute-api.us-east-1.amazonaws.com/v1?num=1	https://iiiy1ms67f.execute-api.us-east-1.amazonaws.com/v1?num=1	0	0	0	
5	2	https://iiiy1ms67f.execute-api.us-east-1.amazonaws.com/v1?num=1	https://iiiy1ms67f.execute-api.us-east-1.amazonaws.com/v1?num=1	0	0	0	
6	1	https://iiiy1ms67f.execute-api.us-east-1.amazonaws.com/v1?num=1	https://iiiy1ms67f.execute-api.us-east-1.amazonaws.com/v1?num=1	5000	0	0	
6	2	https://iiiy1ms67f.execute-api.us-east-1.amazonaws.com/v1?num=1	https://iiiy1ms67f.execute-api.us-east-1.amazonaws.com/v1?num=1	5000	0	0	
7	1	https://iiiy1ms67f.execute-api.us-east-1.amazonaws.com/v1?num=1	https://iiiy1ms67f.execute-api.us-east-1.amazonaws.com/v1?num=1	5000	0	0	
7	2	https://iiiy1ms67f.execute-api.us-east-1.amazonaws.com/v1?num=1	https://iiiy1ms67f.execute-api.us-east-1.amazonaws.com/v1?num=1	5000	0	0	
8	1	https://iiiy1ms67f.execute-api.us-east-1.amazonaws.com/v1?num=1	https://iiiy1ms67f.execute-api.us-east-1.amazonaws.com/v1?num=0	5000	2	5000	https://iiiy1ms67f.execute-api.us-east-1.amazonaws.com/v1?num=1
8	2	https://iiiy1ms67f.execute-api.us-east-1.amazonaws.com/v1?num=1	https://iiiy1ms67f.execute-api.us-east-1.amazonaws.com/v1?num=1	5000	0	0	
9	1	https://iiiy1ms67f.execute-api.us-east-1.amazonaws.com/v1?num=1	https://iiiy1ms67f.execute-api.us-east-1.amazonaws.com/v1?num=0	5000	2	5000	https://iiiy1ms67f.execute-api.us-east-1.amazonaws.com/v1?num=1
9	2	https://iiiy1ms67f.execute-api.us-east-1.amazonaws.com/v1?num=1	https://iiiy1ms67f.execute-api.us-east-1.amazonaws.com/v1?num=1	5000	0	0	
10	1	https://iiiy1ms67f.execute-api.us-east-1.amazonaws.com/v1?num=1	https://iiiy1ms67f.execute-api.us-east-1.amazonaws.com/v1?num=1	5000	2	5000	https://iiiy1ms67f.execute-api.us-east-1.amazonaws.com/v1?num=1
10	2	https://iiiy1ms67f.execute-api.us-east-1.amazonaws.com/v1?num=1	https://iiiy1ms67f.execute-api.us-east-1.amazonaws.com/v1?num=0	5000	2	5000	https://iiiy1ms67f.execute-api.us-east-1.amazonaws.com/v1?num=1
11	1	https://iiiy1ms67f.execute-api.us-east-1.amazonaws.com/v1?num=1	https://iiiy1ms67f.execute-api.us-east-1.amazonaws.com/v1?num=1	5000	2	5000	https://iiiy1ms67f.execute-api.us-east-1.amazonaws.com/v1?num=1
11	2	https://iiiy1ms67f.execute-api.us-east-1.amazonaws.com/v1?num=1	https://iiiy1ms67f.execute-api.us-east-1.amazonaws.com/v1?num=1	5000	2	5000	https://iiiy1ms67f.execute-api.us-east-1.amazonaws.com/v1?num=1
12	1	https://iiiy1ms67f.execute-api.us-east-1.amazonaws.com/v1?num=1	https://iiiy1ms67f.execute-api.us-east-1.amazonaws.com/v1?num=0	5000	2	5000	https://iiiy1ms67f.execute-api.us-east-1.amazonaws.com/v1?num=1
12	2	https://iiiy1ms67f.execute-api.us-east-1.amazonaws.com/v1?num=1	https://iiiy1ms67f.execute-api.us-east-1.amazonaws.com/v1?num=1	5000	2	5000	https://iiiy1ms67f.execute-api.us-east-1.amazonaws.com/v1?num=1
13	1	https://iiiy1ms67f.execute-api.us-east-1.amazonaws.com/v1?num=1	https://iiiy1ms67f.execute-api.us-east-1.amazonaws.com/v1?num=1	5000	2	5000	https://iiiy1ms67f.execute-api.us-east-1.amazonaws.com/v1?num=1
13	2	https://iiiy1ms67f.execute-api.us-east-1.amazonaws.com/v1?num=1	https://iiiy1ms67f.execute-api.us-east-1.amazonaws.com/v1?num=1	5000	2	5000	https://iiiy1ms67f.execute-api.us-east-1.amazonaws.com/v1?num=1
14	1	https://iiiy1ms67f.execute-api.us-east-1.amazonaws.com/v1?num=1	https://iiiy1ms67f.execute-api.us-east-1.amazonaws.com/v1?num=1	5000	2	5000	https://iiiy1ms67f.execute-api.us-east-1.amazonaws.com/v1?num=1
14	2	https://iiiy1ms67f.execute-api.us-east-1.amazonaws.com/v1?num=1	https://iiiy1ms67f.execute-api.us-east-1.amazonaws.com/v1?num=1	5000	2	5000	https://iiiy1ms67f.execute-api.us-east-1.amazonaws.com/v1?num=1
15	1	https://iiiy1ms67f.execute-api.us-east-1.amazonaws.com/v1?num=1	https://iiiy1ms67f.execute-api.us-east-1.amazonaws.com/v1?num=1	5000	2	5000	https://iiiy1ms67f.execute-api.us-east-1.amazonaws.com/v1?num=1
15	2	https://iiiy1ms67f.execute-api.us-east-1.amazonaws.com/v1?num=1	https://iiiy1ms67f.execute-api.us-east-1.amazonaws.com/v1?num=0	5000	2	5000	https://iiiy1ms67f.execute-api.us-east-1.amazonaws.com/v1?num=1
16	1	https://iiiy1ms67f.execute-api.us-east-1.amazonaws.com/v1?num=1	https://iiiy1ms67f.execute-api.us-east-1.amazonaws.com/v1?num=1	5000	2	5000	https://iiiy1ms67f.execute-api.us-east-1.amazonaws.com/v1?num=1
16	2	https://iiiy1ms67f.execute-api.us-east-1.amazonaws.com/v1?num=1	https://iiiy1ms67f.execute-api.us-east-1.amazonaws.com/v1?num=0	5000	2	5000	https://iiiy1ms67f.execute-api.us-east-1.amazonaws.com/v1?num=1
17	1	https://iiiy1ms67f.execute-api.us-east-1.amazonaws.com/v1?num=1	https://iiiy1ms67f.execute-api.us-east-1.amazonaws.com/v1?num=1	5000	2	5000	https://iiiy1ms67f.execute-api.us-east-1.amazonaws.com/v1?num=1
17	2	https://iiiy1ms67f.execute-api.us-east-1.amazonaws.com/v1?num=1	https://iiiy1ms67f.execute-api.us-east-1.amazonaws.com/v1?num=1	5000	2	5000	https://iiiy1ms67f.execute-api.us-east-1.amazonaws.com/v1?num=1
18	1	https://iiiy1ms67f.execute-api.us-east-1.amazonaws.com/v1?num=1	https://iiiy1ms67f.execute-api.us-east-1.amazonaws.com/v1?num=1	5000	2	5000	https://iiiy1ms67f.execute-api.us-east-1.amazonaws.com/v1?num=1
18	2	https://iiiy1ms67f.execute-api.us-east-1.amazonaws.com/v1?num=1	https://iiiy1ms67f.execute-api.us-east-1.amazonaws.com/v1?num=1	5000	2	5000	https://iiiy1ms67f.execute-api.us-east-1.amazonaws.com/v1?num=1
19	1	https://iiiy1ms67f.execute-api.us-east-1.amazonaws.com/v1?num=1	https://iiiy1ms67f.execute-api.us-east-1.amazonaws.com/v1?num=1	5000	2	5000	https://iiiy1ms67f.execute-api.us-east-1.amazonaws.com/v1?num=1
19	2	https://iiiy1ms67f.execute-api.us-east-1.amazonaws.com/v1?num=1	https://iiiy1ms67f.execute-api.us-east-1.amazonaws.com/v1?num=1	5000	2	5000	https://iiiy1ms67f.execute-api.us-east-1.amazonaws.com/v1?num=1
20	1	https://iiiy1ms67f.execute-api.us-east-1.amazonaws.com/v1?num=1	https://iiiy1ms67f.execute-api.us-east-1.amazonaws.com/v1?num=1	5000	2	5000	https://iiiy1ms67f.execute-api.us-east-1.amazonaws.com/v1?num=1
20	2	https://iiiy1ms67f.execute-api.us-east-1.amazonaws.com/v1?num=1	https://iiiy1ms67f.execute-api.us-east-1.amazonaws.com/v1?num=1	5000	2	5000	https://iiiy1ms67f.execute-api.us-east-1.amazonaws.com/v1?num=1
21	1	https://iiiy1ms67f.execute-api.us-east-1.amazonaws.com/v1?num=1	https://iiiy1ms67f.execute-api.us-east-1.amazonaws.com/v1?num=1	5000	2	5000	https://iiiy1ms67f.execute-api.us-east-1.amazonaws.com/v1?num=1
21	2	https://iiiy1ms67f.execute-api.us-east-1.amazonaws.com/v1?num=1	https://iiiy1ms67f.execute-api.us-east-1.amazonaws.com/v1?num=1	5000	2	5000	https://iiiy1ms67f.execute-api.us-east-1.amazonaws.com/v1?num=1
22	1	https://iiiy1ms67f.execute-api.us-east-1.amazonaws.com/v1?num=1	https://iiiy1ms67f.execute-api.us-east-1.amazonaws.com/v1?num=1	5000	2	5000	https://iiiy1ms67f.execute-api.us-east-1.amazonaws.com/v1?num=1
22	2	https://iiiy1ms67f.execute-api.us-east-1.amazonaws.com/v1?num=1	https://iiiy1ms67f.execute-api.us-east-1.amazonaws.com/v1?num=1	5000	2	5000	https://iiiy1ms67f.execute-api.us-east-1.amazonaws.com/v1?num=1
23	1	https://iiiy1ms67f.execute-api.us-east-1.amazonaws.com/v1?num=1	https://iiiy1ms67f.execute-api.us-east-1.amazonaws.com/v1?num=1	5000	2	5000	https://iiiy1ms67f.execute-api.us-east-1.amazonaws.com/v1?num=1
23	2	https://iiiy1ms67f.execute-api.us-east-1.amazonaws.com/v1?num=1	https://iiiy1ms67f.execute-api.us-east-1.amazonaws.com/v1?num=1	5000	2	5000	https://iiiy1ms67f.execute-api.us-east-1.amazonaws.com/v1?num=1
24	1	https://iiiy1ms67f.execute-api.us-east-1.amazonaws.com/v1?num=1	https://iiiy1ms67f.execute-api.us-east-1.amazonaws.com/v1?num=1	5000	2	5000	https://iiiy1ms67f.execute-api.us-east-1.amazonaws.com/v1?num=1
24	2	https://iiiy1ms67f.execute-api.us-east-1.amazonaws.com/v1?num=1	https://iiiy1ms67f.execute-api.us-east-1.amazonaws.com/v1?num=1	5000	2	5000	https://iiiy1ms67f.execute-api.us-east-1.amazonaws.com/v1?num=1
25	1	https://iiiy1ms67f.execute-api.us-east-1.amazonaws.com/v1?num=1	https://iiiy1ms67f.execute-api.us-east-1.amazonaws.com/v1?num=1	5000	2	5000	https://iiiy1ms67f.execute-api.us-east-1.amazonaws.com/v1?num=1
25	2	https://iiiy1ms67f.execute-api.us-east-1.amazonaws.com/v1?num=1	https://iiiy1ms67f.execute-api.us-east-1.amazonaws.com/v1?num=1	5000	2	5000	https://iiiy1ms67f.execute-api.us-east-1.amazonaws.com/v1?num=1
26	1	https://iiiy1ms67f.execute-api.us-east-1.amazonaws.com/v1?num=1	https://iiiy1ms67f.execute-api.us-east-1.amazonaws.com/v1?num=1	5000	2	5000	https://iiiy1ms67f.execute-api.us-east-1.amazonaws.com/v1?num=1
26	2	https://iiiy1ms67f.execute-api.us-east-1.amazonaws.com/v1?num=1	https://iiiy1ms67f.execute-api.us-east-1.amazonaws.com/v1?num=1	5000	2	5000	https://iiiy1ms67f.execute-api.us-east-1.amazonaws.com/v1?num=1
27	1	https://iiiy1ms67f.execute-api.us-east-1.amazonaws.com/v1?num=1	https://iiiy1ms67f.execute-api.us-east-1.amazonaws.com/v1?num=1	5000	2	5000	https://iiiy1ms67f.execute-api.us-east-1.amazonaws.com/v1?num=1
27	2	https://iiiy1ms67f.execute-api.us-east-1.amazonaws.com/v1?num=1	https://iiiy1ms67f.execute-api.us-east-1.amazonaws.com/v1?num=1	5000	2	5000	https://iiiy1ms67f.execute-api.us-east-1.amazonaws.com/v1?num=1
28	1	https://iiiy1ms67f.execute-api.us-east-1.amazonaws.com/v1?num=1	https://iiiy1ms67f.execute-api.us-east-1.amazonaws.com/v1?num=1	5000	2	5000	https://iiiy1ms67f.execute-api.us-east-1.amazonaws.com/v1?num=1
28	2	https://iiiy1ms67f.execute-api.us-east-1.amazonaws.com/v1?num=1	https://iiiy1ms67f.execute-api.us-east-1.amazonaws.com/v1?num=1	5000	2	5000	https://iiiy1ms67f.execute-api.us-east-1.amazonaws.com/v1?num=1
29	1	https://iiiy1ms67f.execute-api.us-east-1.amazonaws.com/v1?num=1	https://iiiy1ms67f.execute-api.us-east-1.amazonaws.com/v1?num=1	5000	2	5000	https://iiiy1ms67f.execute-api.us-east-1.amazonaws.com/v1?num=1
29	2	https://iiiy1ms67f.execute-api.us-east-1.amazonaws.com/v1?num=1	https://iiiy1ms67f.execute-api.us-east-1.amazonaws.com/v1?num=1	5000	2	5000	https://iiiy1ms67f.execute-api.us-east-1.amazonaws.com/v1?num=1
30	1	https://iiiy1ms67f.execute-api.us-east-1.amazonaws.com/v1?num=1	https://iiiy1ms67f.execute-api.us-east-1.amazonaws.com/v1?num=1	5000	2	5000	https://iiiy1ms67f.execute-api.us-east-1.amazonaws.com/v1?num=1
30	2	https://iiiy1ms67f.execute-api.us-east-1.amazonaws.com/v1?num=1	https://iiiy1ms67f.execute-api.us-east-1.amazonaws.com/v1?num=1	5000	2	5000	https://iiiy1ms67f.execute-api.us-east-1.amazonaws.com/v1?num=1
31	1	https://iiiy1ms67f.execute-api.us-east-1.amazonaws.com/v1?num=1	https://iiiy1ms67f.execute-api.us-east-1.amazonaws.com/v1?num=1	5000	2	5000	https://iiiy1ms67f.execute-api.us-east-1.amazonaws.com/v1?num=1
31	2	https://iiiy1ms67f.execute-api.us-east-1.amazonaws.com/v1?num=1	https://iiiy1ms67f.execute-api.us-east-1.amazonaws.com/v1?num=1	5000	2	5000	https://iiiy1ms67f.execute-api.us-east-1.amazonaws.com/v1?num=1
32	1	https://iiiy1ms67f.execute-api.us-east-1.amazonaws.com/v1?num=1	https://iiiy1ms67f.execute-api.us-east-1.amazonaws.com/v1?num=1	5000	2	5000	https://iiiy1ms67f.execute-api.us-east-1.amazonaws.com/v1?num=1
32	2	https://iiiy1ms67f.execute-api.us-east-1.amazonaws.com/v1?num=1	https://iiiy1ms67f.execute-api.us-east-1.amazonaws.com/v1?num=1	5000	2	5000	https://iiiy1ms67f.execute-api.us-east-1.amazonaws.com/v1?num=1
33	1	https://iiiy1ms67f.execute-api.us-east-1.amazonaws.com/v1?num=1	https://iiiy1ms67f.execute-api.us-east-1.amazonaws.com/v1?num=1	5000	2	5000	https://iiiy1ms67f.execute-api.us-east-1.amazonaws.com/v1?num=1
33	2	https://iiiy1ms67f.execute-api.us-east-1.amazonaws.com/v1?num=1	https://iiiy1ms67f.execute-api.us-east-1.amazonaws.com/v1?num=1	5000	2	5000	https://iiiy1ms67f.execute-api.us-east-1.amazonaws.com/v1?num=1
34	1	https://iiiy1ms67f.execute-api.us-east-1.amazonaws.com/v1?num=1	https://iiiy1ms67f.execute-api.us-east-1.amazonaws.com/v1?num=1	5000	2	5000	https://iiiy1ms67f.execute-api.us-east-1.amazonaws.com/v1?num=1
34	2	https://iiiy1ms67f.execute-api.us-east-1.amazonaws.com/v1?num=1	https://iiiy1ms67f.execute-api.us-east-1.amazonaws.com/v1?num=1	5000	2	5000	https://iiiy1ms67f.execute-api.us-east-1.amazonaws.com/v1?num=1
35	1	https://iiiy1ms67f.execute-api.us-east-1.amazonaws.com/v1?num=1	https://iiiy1ms67f.execute-api.us-east-1.amazonaws.com/v1?num=1	5000	2	5000	https://iiiy1ms67f.execute-api.us-east-1.amazonaws.com/v1?num=1
35	2	https://iiiy1ms67f.execute-api.us-east-1.amazonaws.com/v1?num=1	https://iiiy1ms67f.execute-api.us-east-1.amazonaws.com/v1?num=1	5000	2	5000	https://iiiy1ms67f.execute-api.us-east-1.amazonaws.com/v1?num=1
35	3	https://iiiy1ms67f.execute-api.us-east-1.amazonaws.com/v1?num=1	https://iiiy1ms67f.execute-api.us-east-1.amazonaws.com/v1?num=1	5000	2	5000	https://iiiy1ms67f.execute-api.us-east-1.amazonaws.com/v1?num=1
36	1	https://iiiy1ms67f.execute-api.us-east-1.amazonaws.com/v1?num=1	https://iiiy1ms67f.execute-api.us-east-1.amazonaws.com/v1?num=1	5000	2	5000	https://iiiy1ms67f.execute-api.us-east-1.amazonaws.com/v1?num=1
36	2	https://iiiy1ms67f.execute-api.us-east-1.amazonaws.com/v1?num=1	https://iiiy1ms67f.execute-api.us-east-1.amazonaws.com/v1?num=1	5000	2	5000	https://iiiy1ms67f.execute-api.us-east-1.amazonaws.com/v1?num=1
36	3	https://iiiy1ms67f.execute-api.us-east-1.amazonaws.com/v1?num=1	https://iiiy1ms67f.execute-api.us-east-1.amazonaws.com/v1?num=1	5000	2	5000	https://iiiy1ms67f.execute-api.us-east-1.amazonaws.com/v1?num=1
37	1	https://iiiy1ms67f.execute-api.us-east-1.amazonaws.com/v1?num=1	https://iiiy1ms67f.execute-api.us-east-1.amazonaws.com/v1?num=1	5000	2	5000	https://iiiy1ms67f.execute-api.us-east-1.amazonaws.com/v1?num=1
37	2	https://iiiy1ms67f.execute-api.us-east-1.amazonaws.com/v1?num=1	https://iiiy1ms67f.execute-api.us-east-1.amazonaws.com/v1?num=1	5000	2	5000	https://iiiy1ms67f.execute-api.us-east-1.amazonaws.com/v1?num=1
37	3	https://iiiy1ms67f.execute-api.us-east-1.amazonaws.com/v1?num=1	https://iiiy1ms67f.execute-api.us-east-1.amazonaws.com/v1?num=1	5000	2	5000	https://iiiy1ms67f.execute-api.us-east-1.amazonaws.com/v1?num=1
38	1	https://iiiy1ms67f.execute-api.us-east-1.amazonaws.com/v1?num=1	https://iiiy1ms67f.execute-api.us-east-1.amazonaws.com/v1?num=1	5000	2	5000	https://iiiy1ms67f.execute-api.us-east-1.amazonaws.com/v1?num=1
38	2	https://iiiy1ms67f.execute-api.us-east-1.amazonaws.com/v1?num=1	https://iiiy1ms67f.execute-api.us-east-1.amazonaws.com/v1?num=1	5000	2	5000	https://iiiy1ms67f.execute-api.us-east-1.amazonaws.com/v1?num=1
39	1	https://iiiy1ms67f.execute-api.us-east-1.amazonaws.com/v1?num=1	https://iiiy1ms67f.execute-api.us-east-1.amazonaws.com/v1?num=1	5000	2	5000	https://iiiy1ms67f.execute-api.us-east-1.amazonaws.com/v1?num=1
39	2	https://iiiy1ms67f.execute-api.us-east-1.amazonaws.com/v1?num=1	https://iiiy1ms67f.execute-api.us-east-1.amazonaws.com/v1?num=1	5000	2	5000	https://iiiy1ms67f.execute-api.us-east-1.amazonaws.com/v1?num=1
39	3	https://iiiy1ms67f.execute-api.us-east-1.amazonaws.com/v1?num=1	https://iiiy1ms67f.execute-api.us-east-1.amazonaws.com/v1?num=1	5000	2	5000	https://iiiy1ms67f.execute-api.us-east-1.amazonaws.com/v1?num=1
40	1	https://iiiy1ms67f.execute-api.us-east-1.amazonaws.com/v1?num=1	https://iiiy1ms67f.execute-api.us-east-1.amazonaws.com/v1?num=1	5000	2	5000	https://iiiy1ms67f.execute-api.us-east-1.amazonaws.com/v1?num=1
40	2	https://iiiy1ms67f.execute-api.us-east-1.amazonaws.com/v1?num=1	https://iiiy1ms67f.execute-api.us-east-1.amazonaws.com/v1?num=1	5000	2	5000	https://iiiy1ms67f.execute-api.us-east-1.amazonaws.com/v1?num=1
41	1	https://iiiy1ms67f.execute-api.us-east-1.amazonaws.com/v1?num=1	https://iiiy1ms67f.execute-api.us-east-1.amazonaws.com/v1?num=1	5000	2	5000	https://iiiy1ms67f.execute-api.us-east-1.amazonaws.com/v1?num=1
41	2	https://iiiy1ms67f.execute-api.us-east-1.amazonaws.com/v1?num=1	https://iiiy1ms67f.execute-api.us-east-1.amazonaws.com/v1?num=1	5000	2	5000	https://iiiy1ms67f.execute-api.us-east-1.amazonaws.com/v1?num=1
42	1	https://iiiy1ms67f.execute-api.us-east-1.amazonaws.com/v1?num=1	https://iiiy1ms67f.execute-api.us-east-1.amazonaws.com/v1?num=1	5000	2	5000	https://iiiy1ms67f.execute-api.us-east-1.amazonaws.com/v1?num=1
42	2	https://iiiy1ms67f.execute-api.us-east-1.amazonaws.com/v1?num=1	https://iiiy1ms67f.execute-api.us-east-1.amazonaws.com/v1?num=1	5000	2	5000	https://iiiy1ms67f.execute-api.us-east-1.amazonaws.com/v1?num=1
43	1	https://iiiy1ms67f.execute-api.us-east-1.amazonaws.com/v1?num=1	https://iiiy1ms67f.execute-api.us-east-1.amazonaws.com/v1?num=1	5000	2	5000	https://iiiy1ms67f.execute-api.us-east-1.amazonaws.com/v1?num=1
43	2	https://iiiy1ms67f.execute-api.us-east-1.amazonaws.com/v1?num=1	https://iiiy1ms67f.execute-api.us-east-1.amazonaws.com/v1?num=1	5000	2	5000	https://iiiy1ms67f.execute-api.us-east-1.amazonaws.com/v1?num=1
43	3	https://iiiy1ms67f.execute-api.us-east-1.amazonaws.com/v1?num=1	https://iiiy1ms67f.execute-api.us-east-1.amazonaws.com/v1?num=1	5000	2	5000	https://iiiy1ms67f.execute-api.us-east-1.amazonaws.com/v1?num=1
44	1	https://iiiy1ms67f.execute-api.us-east-1.amazonaws.com/v1?num=1	https://iiiy1ms67f.execute-api.us-east-1.amazonaws.com/v1?num=1	5000	2	5000	https://iiiy1ms67f.execute-api.us-east-1.amazonaws.com/v1?num=1
44	2	https://iiiy1ms67f.execute-api.us-east-1.amazonaws.com/v1?num=1	https://iiiy1ms67f.execute-api.us-east-1.amazonaws.com/v1?num=1	5000	2	5000	https://iiiy1ms67f.execute-api.us-east-1.amazonaws.com/v1?num=1
45	1	https://iiiy1ms67f.execute-api.us-east-1.amazonaws.com/v1?num=1	https://iiiy1ms67f.execute-api.us-east-1.amazonaws.com/v1?num=1	5000	2	5000	https://iiiy1ms67f.execute-api.us-east-1.amazonaws.com/v1?num=1
45	2	https://iiiy1ms67f.execute-api.us-east-1.amazonaws.com/v1?num=1	https://iiiy1ms67f.execute-api.us-east-1.amazonaws.com/v1?num=1	5000	2	5000	https://iiiy1ms67f.execute-api.us-east-1.amazonaws.com/v1?num=1
46	1	https://iiiy1ms67f.execute-api.us-east-1.amazonaws.com/v1?num=1	https://iiiy1ms67f.execute-api.us-east-1.amazonaws.com/v1?num=1	5000	2	5000	https://iiiy1ms67f.execute-api.us-east-1.amazonaws.com/v1?num=1
46	2	https://iiiy1ms67f.execute-api.us-east-1.amazonaws.com/v1?num=1	https://iiiy1ms67f.execute-api.us-east-1.amazonaws.com/v1?num=1	5000	2	5000	https://iiiy1ms67f.execute-api.us-east-1.amazonaws.com/v1?num=1
\.


--
-- Data for Name: scheduler_jobs; Type: TABLE DATA; Schema: public; Owner: postgres
--

COPY public.scheduler_jobs (id, next_run_time, job_state) FROM stdin;
\.


--
-- Data for Name: task_set; Type: TABLE DATA; Schema: public; Owner: postgres
--

COPY public.task_set (id, status, username, initial_delay) FROM stdin;
1	Scheduled	user	\N
2	Scheduled	user	\N
3	Scheduled	user	\N
4	Running	user	\N
5	Running	user	\N
6	Running	user	\N
7	Completed	user	\N
8	Running	user	\N
9	Failed	user	\N
10	Failed	user	\N
11	Completed	user	\N
12	Failed	user	5000
13	Scheduled	user	20000
14	Cancelled	user	20000
15	Failed	user	20000
16	Failed	user	20000
17	Scheduled	user01	5000
18	Completed	user01	5000
19	Completed	user01	5000
20	Completed	user01	5000
21	Completed	user01	5000
22	Completed	user01	5000
23	Completed	user01	5000
24	Completed	user01	5000
25	Completed	user01	500000
26	Completed	user01	500000
27	Completed	user01	500000
28	Completed	user01	5000
29	Completed	user01	5000
30	Completed	user01	5000
31	Completed	user01	5000
32	Completed	user01	5000
33	Completed	user01	5000
34	Scheduled	user01	500000
35	Completed	user01	5000
36	Completed	user01	5000
37	Completed	user01	5000
39	Completed	user01	5000
38	Cancelled	user01	500000
40	Scheduled	user01	5000000
41	Cancelled	user01	5000000
42	Cancelled	user01	500000
43	Completed	user01	5000
44	Completed	user01	5000
45	Completed	user01	5000
46	Cancelled	user01	500000
\.


--
-- Name: apscheduler_jobs_id_seq; Type: SEQUENCE SET; Schema: public; Owner: postgres
--

SELECT pg_catalog.setval('public.apscheduler_jobs_id_seq', 38, true);


--
-- Name: task_set_id_seq; Type: SEQUENCE SET; Schema: public; Owner: postgres
--

SELECT pg_catalog.setval('public.task_set_id_seq', 46, true);


--
-- Name: credentials credentials_pkey; Type: CONSTRAINT; Schema: public; Owner: postgres
--

ALTER TABLE ONLY public.credentials
    ADD CONSTRAINT credentials_pkey PRIMARY KEY (username);


--
-- Name: scheduler_jobs scheduler_jobs_pkey; Type: CONSTRAINT; Schema: public; Owner: postgres
--

ALTER TABLE ONLY public.scheduler_jobs
    ADD CONSTRAINT scheduler_jobs_pkey PRIMARY KEY (id);


--
-- Name: task_set task_set_pkey; Type: CONSTRAINT; Schema: public; Owner: postgres
--

ALTER TABLE ONLY public.task_set
    ADD CONSTRAINT task_set_pkey PRIMARY KEY (id);


--
-- Name: ix_scheduler_jobs_next_run_time; Type: INDEX; Schema: public; Owner: postgres
--

CREATE INDEX ix_scheduler_jobs_next_run_time ON public.scheduler_jobs USING btree (next_run_time);


--
-- PostgreSQL database dump complete
--

